hazard,path,rp,rcp,epoch,confidence,variable,unit,key
storm,STORM_RP_rasters/STORM_FIXED_WIND_SPEEDS_2050_RCP8.5_NA_20_MS.tif,0,8.5,2050,None,Return period,years,storm20__rp_0__rcp_8x5__epoch_2050__conf_None
storm,STORM_RP_rasters/STORM_FIXED_WIND_SPEEDS_constant_NA_20_MS.tif,0,baseline,2010,None,Return period,years,storm20__rp_0__rcp_baseline__epoch_2010__conf_None
storm,STORM_RP_rasters/STORM_FIXED_WIND_SPEEDS_2050_RCP8.5_NA_25_MS.tif,0,8.5,2050,None,Return period,years,storm25__rp_0__rcp_8x5__epoch_2050__conf_None
storm,STORM_RP_rasters/STORM_FIXED_WIND_SPEEDS_constant_NA_25_MS.tif,0,baseline,2010,None,Return period,years,storm25__rp_0__rcp_baseline__epoch_2010__conf_None
storm,STORM_RP_rasters/STORM_FIXED_WIND_SPEEDS_2050_RCP8.5_NA_29_MS.tif,0,8.5,2050,None,Return period,years,storm29__rp_0__rcp_8x5__epoch_2050__conf_None
storm,STORM_RP_rasters/STORM_FIXED_WIND_SPEEDS_constant_NA_29_MS.tif,0,baseline,2010,None,Return period,years,storm29__rp_0__rcp_baseline__epoch_2010__conf_None
storm,STORM_RP_rasters/STORM_FIXED_WIND_SPEEDS_2050_RCP8.5_NA_30_MS.tif,0,8.5,2050,None,Return period,years,storm30__rp_0__rcp_8x5__epoch_2050__conf_None
storm,STORM_RP_rasters/STORM_FIXED_WIND_SPEEDS_constant_NA_30_MS.tif,0,baseline,2010,None,Return period,years,storm30__rp_0__rcp_baseline__epoch_2010__conf_None
storm,STORM_RP_rasters/STORM_FIXED_WIND_SPEEDS_2050_RCP8.5_NA_35_MS.tif,0,8.5,2050,None,Return period,years,storm35__rp_0__rcp_8x5__epoch_2050__conf_None
storm,STORM_RP_rasters/STORM_FIXED_WIND_SPEEDS_constant_NA_35_MS.tif,0,baseline,2010,None,Return period,years,storm35__rp_0__rcp_baseline__epoch_2010__conf_None
storm,STORM_RP_rasters/STORM_FIXED_WIND_SPEEDS_2050_RCP8.5_NA_37_MS.tif,0,8.5,2050,None,Return period,years,storm37__rp_0__rcp_8x5__epoch_2050__conf_None
storm,STORM_RP_rasters/STORM_FIXED_WIND_SPEEDS_constant_NA_37_MS.tif,0,baseline,2010,None,Return period,years,storm37__rp_0__rcp_baseline__epoch_2010__conf_None
storm,STORM_RP_rasters/STORM_FIXED_WIND_SPEEDS_2050_RCP8.5_NA_40_MS.tif,0,8.5,2050,None,Return period,years,storm40__rp_0__rcp_8x5__epoch_2050__conf_None
storm,STORM_RP_rasters/STORM_FIXED_WIND_SPEEDS_constant_NA_40_MS.tif,0,baseline,2010,None,Return period,years,storm40__rp_0__rcp_baseline__epoch_2010__conf_None
storm,STORM_RP_rasters/STORM_FIXED_WIND_SPEEDS_2050_RCP8.5_NA_43_MS.tif,0,8.5,2050,None,Return period,years,storm43__rp_0__rcp_8x5__epoch_2050__conf_None
storm,STORM_RP_rasters/STORM_FIXED_WIND_SPEEDS_constant_NA_43_MS.tif,0,baseline,2010,None,Return period,years,storm43__rp_0__rcp_baseline__epoch_2010__conf_None
storm,STORM_RP_rasters/STORM_FIXED_WIND_SPEEDS_2050_RCP8.5_NA_45_MS.tif,0,8.5,2050,None,Return period,years,storm45__rp_0__rcp_8x5__epoch_2050__conf_None
storm,STORM_RP_rasters/STORM_FIXED_WIND_SPEEDS_constant_NA_45_MS.tif,0,baseline,2010,None,Return period,years,storm45__rp_0__rcp_baseline__epoch_2010__conf_None
storm,STORM_RP_rasters/STORM_FIXED_WIND_SPEEDS_2050_RCP8.5_NA_50_MS.tif,0,8.5,2050,None,Return period,years,storm50__rp_0__rcp_8x5__epoch_2050__conf_None
storm,STORM_RP_rasters/STORM_FIXED_WIND_SPEEDS_constant_NA_50_MS.tif,0,baseline,2010,None,Return period,years,storm50__rp_0__rcp_baseline__epoch_2010__conf_None
storm,STORM_RP_rasters/STORM_FIXED_WIND_SPEEDS_2050_RCP8.5_NA_51_MS.tif,0,8.5,2050,None,Return period,years,storm51__rp_0__rcp_8x5__epoch_2050__conf_None
storm,STORM_RP_rasters/STORM_FIXED_WIND_SPEEDS_constant_NA_51_MS.tif,0,baseline,2010,None,Return period,years,storm51__rp_0__rcp_baseline__epoch_2010__conf_None
storm,STORM_RP_rasters/STORM_FIXED_WIND_SPEEDS_2050_RCP8.5_NA_55_MS.tif,0,8.5,2050,None,Return period,years,storm55__rp_0__rcp_8x5__epoch_2050__conf_None
storm,STORM_RP_rasters/STORM_FIXED_WIND_SPEEDS_constant_NA_55_MS.tif,0,baseline,2010,None,Return period,years,storm55__rp_0__rcp_baseline__epoch_2010__conf_None
storm,STORM_RP_rasters/STORM_FIXED_WIND_SPEEDS_2050_RCP8.5_NA_60_MS.tif,0,8.5,2050,None,Return period,years,storm60__rp_0__rcp_8x5__epoch_2050__conf_None
storm,STORM_RP_rasters/STORM_FIXED_WIND_SPEEDS_constant_NA_60_MS.tif,0,baseline,2010,None,Return period,years,storm60__rp_0__rcp_baseline__epoch_2010__conf_None
storm,STORM_RP_rasters/STORM_FIXED_WIND_SPEEDS_2050_RCP8.5_NA_61_MS.tif,0,8.5,2050,None,Return period,years,storm61__rp_0__rcp_8x5__epoch_2050__conf_None
storm,STORM_RP_rasters/STORM_FIXED_WIND_SPEEDS_constant_NA_61_MS.tif,0,baseline,2010,None,Return period,years,storm61__rp_0__rcp_baseline__epoch_2010__conf_None
storm,STORM_RP_rasters/STORM_FIXED_WIND_SPEEDS_2050_RCP8.5_NA_65_MS.tif,0,8.5,2050,None,Return period,years,storm65__rp_0__rcp_8x5__epoch_2050__conf_None
storm,STORM_RP_rasters/STORM_FIXED_WIND_SPEEDS_constant_NA_65_MS.tif,0,baseline,2010,None,Return period,years,storm65__rp_0__rcp_baseline__epoch_2010__conf_None
storm,STORM_RP_rasters/STORM_FIXED_WIND_SPEEDS_2050_RCP8.5_NA_70_MS.tif,0,8.5,2050,None,Return period,years,storm70__rp_0__rcp_8x5__epoch_2050__conf_None
storm,STORM_RP_rasters/STORM_FIXED_WIND_SPEEDS_constant_NA_70_MS.tif,0,baseline,2010,None,Return period,years,storm70__rp_0__rcp_baseline__epoch_2010__conf_None
